{
  "pet": {
    "inputs": {
      "jday": [164, 165, 166, 167, 168],
      "tmax_c": [18.4, 19.2, 20.1, 17.8, 16.5],
      "tmin_c": [7.1, 6.8, 8.0, 5.6, 4.9],
      "latitude_deg": -32.85
    },
    "expected_mm_day": [1.2, 1.3, 1.3, 1.2, 1.1]
  },
  "water_balance": {
    "inputs": {
      "rain_mm": [0, 10, 2],
      "et_mm": [3, 3, 3],
      "irrigation_mm": [5, 0, 0],
      "et_factor": 1
    },
    "expected_daily_mm": [2, 7, 0],
    "expected_cumulative_mm": [2, 9, 9]
  },
  "first_passage": {
    "inputs": {
      "cumulative_infiltration_mm": [0, 5, 5, 5, 9],
      "time": [0, 1, 2, 3, 4],
      "target_infiltration_mm": [0, 5, 6, 9, 10]
    },
    "expected_time": [0, 1, 4, 4, null]
  },
  "single_layer": {
    "layer": {
      "mu": 1,
      "sigma": 0.5,
      "retardation": 2,
      "thickness_mm": 100
    },
    "y_mm": [0, 50, 100, 200, 500],
    "expected_pdf": [
      0,
      0.00034174747548216123,
      0.0030522765209509222,
      0.003989422804014327,
      0.0002976545828514287
    ],
    "expected_cdf": [
      0,
      0.002780617862309526,
      0.08282851900169873,
      0.5,
      0.9665675815910831
    ]
  },
  "two_layer": {
    "top_layer": {
      "mu": 1,
      "sigma": 0.5,
      "retardation": 2,
      "thickness_mm": 100
    },
    "bottom_layer": {
      "mu": 1.2,
      "sigma": 0.6,
      "retardation": 3,
      "thickness_mm": 200
    },
    "y_mm": [0, 25, 100, 500, 5000],
    "method": "adaptive",
    "n_steps": 5001,
    "expected_probabilities": [
      [1, 0, 0],
      [0.9999840096234816, 0.000015990376518431563, 5.611176545388526e-19],
      [0.9171714809983013, 0.0828284671238167, 5.187788203186252e-8],
      [0.033432418408916864, 0.8899420633678037, 0.07662551822327943],
      [6.062805812945271e-11, 0.0008196000832442207, 0.9991803998561277]
    ]
  },
  "concentration": {
    "inputs": {
      "application_rate_g_ha": 21.32,
      "remaining_fraction": [1, 0.5, 0],
      "soil_mass_kg_ha": 1300000,
      "effective_porosity": 0.2
    },
    "expected_ug_kg": [16.4, 8.2, 0]
  },
  "degradation": {
    "inputs": {
      "layer_probabilities": [
        [0.4, 0.3, 0.3],
        [0.8, 0.1, 0.1]
      ],
      "time_days": [0, 100],
      "decay_rate_day": 0.01
    },
    "expected_fractions": [
      [0.4, 0.3, 0.3, 0],
      [0.2943035529371539, 0.036787944117144235, 0.036787944117144235, 0.6321205588285577]
    ]
  }
}
